Step,PotEng,Press,KinEng,Temp,Lx,Ly,Lz,Pxx,Pyy,Pzz,SPCPU,Density
2971.0,186.69271,5419.7883,3948.8281,250.0,106.89119,106.89119,106.89119,5460.8603,5376.2733,5422.2314,0.0,1.6966378
3000.0,2890.7285,6040.7547,3681.0574,233.04746,106.89119,106.89119,106.89119,6099.4955,5982.7041,6040.0644,307.01517,1.6966378
4000.0,4020.0071,6410.113,4001.5409,253.33724,106.89119,106.89119,106.89119,6490.1979,6331.409,6408.7321,365.46404,1.6966378
5000.0,4117.4572,6428.3724,3967.696,251.19453,106.89119,106.89119,106.89119,6527.459,6366.7583,6390.8999,383.01615,1.6966378
6000.0,4060.2817,6392.8254,3934.0307,249.06318,106.89119,106.89119,106.89119,6409.5706,6391.0857,6377.8199,366.95281,1.6966378
7000.0,4094.8636,6413.8546,3988.8227,252.53205,106.89119,106.89119,106.89119,6464.3258,6373.3488,6403.8892,358.58351,1.6966378
8000.0,4175.0614,6458.9068,4046.6118,256.19068,106.89119,106.89119,106.89119,6512.0386,6417.0113,6447.6707,371.40454,1.6966378
9000.0,4136.6141,6440.2255,3975.9678,251.71821,106.89119,106.89119,106.89119,6405.367,6423.5566,6491.7529,360.38767,1.6966378
10000.0,4091.1581,6412.9702,4017.6994,254.36024,106.89119,106.89119,106.89119,6460.6542,6396.5715,6381.6848,349.73326,1.6966378
11000.0,4138.4958,6402.7355,3951.7732,250.18645,106.89119,106.89119,106.89119,6456.9009,6381.0284,6370.2772,356.54244,1.6966378
12000.0,3987.7645,6404.2268,4024.7414,254.80606,106.89119,106.89119,106.89119,6396.1643,6353.0451,6463.4708,372.18745,1.6966378
13000.0,4028.6107,6432.3821,4005.0146,253.55716,106.89119,106.89119,106.89119,6469.8067,6437.1218,6390.2177,361.93125,1.6966378
14000.0,4000.1995,6415.3668,3947.5556,249.91943,106.89119,106.89119,106.89119,6458.3516,6366.6885,6421.0601,352.14456,1.6966378
15000.0,3914.4598,6376.0791,3918.813,248.09975,106.89119,106.89119,106.89119,6335.8111,6342.6111,6449.8152,357.36497,1.6966378
16000.0,4031.2452,6406.3797,3937.7686,249.29982,106.89119,106.89119,106.89119,6453.4393,6392.9309,6372.7688,363.04912,1.6966378
17000.0,3916.3078,6381.0604,3888.1362,246.1576,106.89119,106.89119,106.89119,6417.6591,6331.3915,6394.1305,375.91948,1.6966378
18000.0,3923.1026,6384.1827,3905.2669,247.24214,106.89119,106.89119,106.89119,6423.7751,6392.2259,6336.5471,355.71295,1.6966378
19000.0,3935.0628,6373.9349,4005.132,253.5646,106.89119,106.89119,106.89119,6380.2413,6380.3744,6361.1889,352.71274,1.6966378
20000.0,3893.2364,6311.5562,3907.0983,247.35809,106.89119,106.89119,106.89119,6290.2994,6316.9394,6327.4298,343.74919,1.6966378
21000.0,3942.3737,6345.5344,3923.3244,248.38536,106.89119,106.89119,106.89119,6409.4239,6326.7948,6300.3845,328.09718,1.6966378
22000.0,3865.5187,6343.1076,3931.8811,248.92709,106.89119,106.89119,106.89119,6380.0403,6283.4001,6365.8824,352.01127,1.6966378
23000.0,3903.5027,6361.8151,3950.2674,250.09112,106.89119,106.89119,106.89119,6348.1423,6413.0451,6324.258,359.94243,1.6966378
24000.0,3859.4831,6362.7213,3981.2813,252.05461,106.89119,106.89119,106.89119,6325.2532,6386.7769,6376.1339,366.74221,1.6966378
25000.0,3833.8967,6346.0969,3986.4177,252.37979,106.89119,106.89119,106.89119,6358.9509,6334.3199,6345.0198,337.88967,1.6966378
26000.0,3892.7157,6353.2855,3863.9985,244.62944,106.89119,106.89119,106.89119,6301.9542,6331.6471,6426.2554,374.53249,1.6966378
27000.0,3809.4065,6336.5132,3913.0461,247.73465,106.89119,106.89119,106.89119,6289.6129,6402.5184,6317.4084,393.07226,1.6966378
28000.0,3834.7839,6308.5377,3972.389,251.49164,106.89119,106.89119,106.89119,6317.2168,6276.114,6332.2822,387.5131,1.6966378
29000.0,3726.9618,6326.9,3979.2809,251.92796,106.89119,106.89119,106.89119,6318.9483,6283.0301,6378.7215,407.53821,1.6966378
30000.0,3870.9595,6365.7551,3973.1206,251.53795,106.89119,106.89119,106.89119,6393.8133,6323.8289,6379.623,394.51226,1.6966378
31000.0,3880.8806,6351.4814,4060.9736,257.09992,106.89119,106.89119,106.89119,6337.5594,6394.8505,6322.0343,393.12535,1.6966378
32000.0,3775.8409,6324.7464,4034.1196,255.3998,106.89119,106.89119,106.89119,6396.6057,6241.2664,6336.3673,397.82949,1.6966378
33000.0,3734.1693,6299.0091,3986.4712,252.38318,106.89119,106.89119,106.89119,6260.6542,6298.3722,6338.0008,393.9521,1.6966378
34000.0,3717.1752,6313.6277,3908.9052,247.47248,106.89119,106.89119,106.89119,6320.4542,6307.0097,6313.4192,349.08996,1.6966378
35000.0,3740.65,6313.484,3939.5486,249.41252,106.89119,106.89119,106.89119,6317.4877,6299.8319,6323.1323,351.99024,1.6966378
36000.0,3827.1827,6302.6144,3921.2607,248.25471,106.89119,106.89119,106.89119,6304.7355,6280.5122,6322.5954,383.12138,1.6966378
37000.0,3765.953,6314.1503,3934.9894,249.12387,106.89119,106.89119,106.89119,6296.673,6286.1001,6359.6777,372.66804,1.6966378
38000.0,3654.8237,6272.2796,3967.5185,251.18329,106.89119,106.89119,106.89119,6363.0489,6231.8603,6221.9296,351.15219,1.6966378
39000.0,3714.9673,6298.0726,3944.689,249.73795,106.89119,106.89119,106.89119,6320.3842,6300.9914,6272.8423,352.25433,1.6966378
40000.0,3763.309,6304.4802,3989.6109,252.58196,106.89119,106.89119,106.89119,6305.7784,6253.8453,6353.8169,334.19411,1.6966378
41000.0,3744.8246,6303.5682,4019.0854,254.44798,106.89119,106.89119,106.89119,6376.075,6238.2707,6296.3588,333.70841,1.6966378
42000.0,3688.6761,6266.9682,3863.003,244.56642,106.89119,106.89119,106.89119,6284.6301,6247.9329,6268.3415,338.73665,1.6966378
43000.0,3762.1096,6279.6305,3872.842,245.18933,106.89119,106.89119,106.89119,6330.2545,6212.9676,6295.6694,379.35074,1.6966378
44000.0,3780.9339,6324.9271,3912.7181,247.71388,106.89119,106.89119,106.89119,6319.0699,6273.1625,6382.5488,370.88255,1.6966378
45000.0,3691.1388,6312.7075,4002.4813,253.39678,106.89119,106.89119,106.89119,6316.829,6312.5508,6308.7428,367.94696,1.6966378
46000.0,3622.7522,6288.2189,4030.5359,255.17291,106.89119,106.89119,106.89119,6304.5742,6249.9851,6310.0974,380.33152,1.6966378
47000.0,3669.4907,6278.2619,3898.9277,246.84081,106.89119,106.89119,106.89119,6281.1427,6211.4015,6342.2416,373.57419,1.6966378
48000.0,3584.7159,6257.7099,3925.5246,248.52466,106.89119,106.89119,106.89119,6304.5135,6173.2342,6295.382,347.95049,1.6966378
49000.0,3625.4237,6276.9595,3952.7211,250.24646,106.89119,106.89119,106.89119,6287.5567,6171.8073,6371.5144,391.98084,1.6966378
50000.0,3576.195,6233.7385,3930.298,248.82686,106.89119,106.89119,106.89119,6190.3777,6252.4289,6258.4088,350.41612,1.6966378
51000.0,3644.7127,6295.9462,3961.0647,250.7747,106.89119,106.89119,106.89119,6303.4076,6306.7736,6277.6574,359.57362,1.6966378
52000.0,3619.1567,6266.2932,3825.85,242.21427,106.89119,106.89119,106.89119,6293.3535,6244.0391,6261.4869,378.29076,1.6966378
53000.0,3569.4785,6251.3098,3944.1821,249.70586,106.89119,106.89119,106.89119,6247.806,6278.0403,6228.0831,353.18792,1.6966378
54000.0,3571.6543,6259.6332,3923.1289,248.37298,106.89119,106.89119,106.89119,6260.6807,6221.2676,6296.9512,342.55657,1.6966378
55000.0,3573.3899,6255.4929,3951.4813,250.16797,106.89119,106.89119,106.89119,6281.0966,6224.5577,6260.8245,324.72783,1.6966378
56000.0,3512.531,6246.3749,3968.62,251.25302,106.89119,106.89119,106.89119,6191.0812,6248.8498,6299.1936,341.16098,1.6966378
57000.0,3619.3289,6280.4953,4034.8175,255.44398,106.89119,106.89119,106.89119,6229.1271,6281.8992,6330.4595,342.39095,1.6966378
58000.0,3585.2586,6251.8474,3910.7665,247.59032,106.89119,106.89119,106.89119,6200.9559,6245.2371,6309.3491,347.9322,1.6966378
59000.0,3481.0018,6243.0673,3922.1033,248.30805,106.89119,106.89119,106.89119,6152.5526,6255.1615,6321.4876,352.58933,1.6966378
60000.0,3576.7821,6249.3771,3983.7112,252.20844,106.89119,106.89119,106.89119,6122.6101,6269.5683,6355.9529,353.83335,1.6966378
61000.0,3599.0653,6267.4203,3938.2953,249.33317,106.89119,106.89119,106.89119,6200.1071,6290.4156,6311.7382,375.07004,1.6966378
62000.0,3440.8767,6222.0159,3904.0054,247.16228,106.89119,106.89119,106.89119,6168.9442,6238.473,6258.6306,351.40669,1.6966378
63000.0,3592.3849,6262.3098,3882.9413,245.82871,106.89119,106.89119,106.89119,6257.8595,6247.7586,6281.3114,353.49862,1.6966378
64000.0,3554.3399,6247.1139,3973.514,251.56286,106.89119,106.89119,106.89119,6177.7985,6208.864,6354.6793,391.8379,1.6966378
65000.0,3507.8972,6239.3724,3871.2516,245.08864,106.89119,106.89119,106.89119,6251.9804,6218.3672,6247.7697,390.29854,1.6966378
66000.0,3534.3808,6257.1689,3940.109,249.44799,106.89119,106.89119,106.89119,6245.9855,6208.3885,6317.1326,348.7684,1.6966378
67000.0,3542.5323,6273.6882,4026.3237,254.90624,106.89119,106.89119,106.89119,6234.6959,6261.4751,6324.8935,339.26992,1.6966378
68000.0,3524.0217,6235.0453,3886.5466,246.05696,106.89119,106.89119,106.89119,6240.4923,6188.0243,6276.6193,349.11859,1.6966378
69000.0,3586.5565,6263.0686,4001.6071,253.34143,106.89119,106.89119,106.89119,6248.2462,6231.3152,6309.6444,335.37241,1.6966378
70000.0,3574.3553,6264.2379,3991.3996,252.69519,106.89119,106.89119,106.89119,6207.9528,6270.0901,6314.6708,334.43732,1.6966378
71000.0,3507.5036,6224.5487,3918.4233,248.07507,106.89119,106.89119,106.89119,6218.0804,6173.4294,6282.1362,337.80724,1.6966378
72000.0,3504.4931,6251.537,4018.1435,254.38835,106.89119,106.89119,106.89119,6244.5185,6184.4405,6325.6521,367.37526,1.6966378
73000.0,3583.2712,6277.3507,3921.5937,248.27579,106.89119,106.89119,106.89119,6237.2095,6241.4921,6353.3504,349.80385,1.6966378
74000.0,3449.8015,6215.2906,3966.7683,251.13579,106.89119,106.89119,106.89119,6156.6687,6206.6602,6282.5428,389.31618,1.6966378
75000.0,3523.6885,6247.7525,3827.7247,242.33295,106.89119,106.89119,106.89119,6241.7034,6206.4188,6295.1353,392.28125,1.6966378
76000.0,3530.3361,6245.3603,3942.5926,249.60523,106.89119,106.89119,106.89119,6249.4643,6224.6302,6261.9863,352.20652,1.6966378
77000.0,3401.0526,6214.9722,3947.9824,249.94646,106.89119,106.89119,106.89119,6213.1305,6220.6559,6211.1302,326.67773,1.6966378
78000.0,3371.0189,6208.0044,3961.6521,250.81189,106.89119,106.89119,106.89119,6190.4001,6160.3219,6273.2913,381.29971,1.6966378
79000.0,3462.3739,6251.345,3922.1847,248.31321,106.89119,106.89119,106.89119,6262.4975,6220.073,6271.4645,362.51866,1.6966378
80000.0,3369.2465,6202.1818,3963.2854,250.91529,106.89119,106.89119,106.89119,6169.7644,6177.8633,6258.9175,355.29197,1.6966378
81000.0,3416.8749,6195.96,3898.5294,246.81559,106.89119,106.89119,106.89119,6235.8763,6142.9766,6209.027,368.35854,1.6966378
82000.0,3422.2712,6200.5519,3956.3254,250.47465,106.89119,106.89119,106.89119,6158.9151,6170.312,6272.4285,340.7064,1.6966378
83000.0,3352.5834,6199.5247,3868.3928,244.90765,106.89119,106.89119,106.89119,6183.7041,6196.2545,6218.6155,343.5495,1.6966378
84000.0,3403.2111,6218.8787,3979.3995,251.93547,106.89119,106.89119,106.89119,6209.3592,6182.6338,6264.643,348.71494,1.6966378
85000.0,3345.1805,6213.8997,4047.7309,256.26153,106.89119,106.89119,106.89119,6220.4607,6248.7986,6172.4398,341.05108,1.6966378
86000.0,3396.0596,6225.1907,3961.7577,250.81857,106.89119,106.89119,106.89119,6214.6901,6209.7803,6251.1018,351.47442,1.6966378
87000.0,3291.8124,6199.9659,3960.0403,250.70985,106.89119,106.89119,106.89119,6163.0471,6223.2949,6213.5557,345.28209,1.6966378
88000.0,3331.7973,6222.2067,3987.2343,252.43149,106.89119,106.89119,106.89119,6199.8886,6199.1692,6267.5623,339.6349,1.6966378
89000.0,3370.3658,6236.3053,4027.5766,254.98556,106.89119,106.89119,106.89119,6218.6168,6220.1267,6270.1723,347.8075,1.6966378
90000.0,3411.4082,6248.7106,4010.5117,253.90518,106.89119,106.89119,106.89119,6286.3275,6218.9884,6240.8158,348.3915,1.6966378
91000.0,3316.1876,6212.6694,3892.6025,246.44036,106.89119,106.89119,106.89119,6186.4869,6201.4375,6250.0839,357.33124,1.6966378
92000.0,3361.5005,6210.5339,3886.6337,246.06248,106.89119,106.89119,106.89119,6218.6138,6199.8187,6213.1692,347.93433,1.6966378
93000.0,3284.447,6197.844,3973.0412,251.53293,106.89119,106.89119,106.89119,6172.5967,6197.0578,6223.8774,366.4236,1.6966378
94000.0,3308.6381,6197.1809,4012.3484,254.02147,106.89119,106.89119,106.89119,6147.2022,6190.0898,6254.2505,331.13066,1.6966378
95000.0,3226.4207,6195.2507,3956.5588,250.48943,106.89119,106.89119,106.89119,6163.3535,6192.4765,6229.9222,349.27872,1.6966378
96000.0,3246.9179,6204.1674,3948.0146,249.9485,106.89119,106.89119,106.89119,6209.534,6193.5036,6209.4647,362.46748,1.6966378
97000.0,3174.8218,6154.4974,3985.8953,252.34672,106.89119,106.89119,106.89119,6114.5998,6148.9516,6199.9409,365.37217,1.6966378
98000.0,3291.095,6204.9436,3956.1549,250.46386,106.89119,106.89119,106.89119,6195.8166,6178.0435,6240.9706,354.04019,1.6966378
99000.0,3273.8236,6184.2184,3837.3557,242.94269,106.89119,106.89119,106.89119,6150.1467,6187.3656,6215.1429,373.8933,1.6966378
100000.0,3307.8367,6208.1897,3912.16,247.67854,106.89119,106.89119,106.89119,6170.3361,6160.1369,6294.0961,360.30747,1.6966378
101000.0,3239.6197,6202.6174,3977.7489,251.83097,106.89119,106.89119,106.89119,6195.7366,6174.9711,6237.1447,365.69568,1.6966378
102000.0,3208.476,6176.6846,3898.7663,246.83059,106.89119,106.89119,106.89119,6181.7147,6174.4203,6173.919,344.51074,1.6966378
103000.0,3260.1497,6180.5792,3860.4142,244.40252,106.89119,106.89119,106.89119,6175.3525,6152.2709,6214.1142,340.94624,1.6966378
104000.0,3240.0548,6211.7525,4016.9822,254.31483,106.89119,106.89119,106.89119,6214.9021,6163.5507,6256.8048,350.32417,1.6966378
105000.0,3126.4629,6150.8897,3954.5942,250.36505,106.89119,106.89119,106.89119,6144.8314,6164.8708,6142.967,354.7932,1.6966378
106000.0,3152.7274,6179.5178,3941.8764,249.55989,106.89119,106.89119,106.89119,6184.2494,6138.2627,6216.0412,334.01565,1.6966378
107000.0,3177.7609,6184.489,3984.2748,252.24413,106.89119,106.89119,106.89119,6172.1363,6130.4265,6250.9042,338.30305,1.6966378
108000.0,3196.7608,6131.2334,3932.3674,248.95787,106.89119,106.89119,106.89119,6150.219,6091.3187,6152.1626,360.43236,1.6966378
109000.0,3197.469,6165.2188,3961.8433,250.82399,106.89119,106.89119,106.89119,6174.0297,6135.9846,6185.6422,384.39258,1.6966378
110000.0,3225.5682,6151.3532,3970.4498,251.36887,106.89119,106.89119,106.89119,6145.2837,6136.6147,6172.1612,379.73576,1.6966378
111000.0,3200.3449,6173.4243,3964.667,251.00276,106.89119,106.89119,106.89119,6194.0793,6179.6677,6146.526,384.77818,1.6966378
112000.0,3162.5203,6172.8114,3944.954,249.75473,106.89119,106.89119,106.89119,6163.2945,6177.3205,6177.8191,380.61203,1.6966378
113000.0,3241.3037,6179.1342,4007.2072,253.69598,106.89119,106.89119,106.89119,6192.8956,6132.6435,6211.8635,382.7819,1.6966378
114000.0,3226.5215,6193.376,3970.3851,251.36477,106.89119,106.89119,106.89119,6223.7831,6161.574,6194.771,371.14635,1.6966378
115000.0,3138.948,6154.0715,3937.5889,249.28845,106.89119,106.89119,106.89119,6164.2169,6152.404,6145.5937,372.86327,1.6966378
116000.0,3140.8014,6164.8723,3924.1845,248.43981,106.89119,106.89119,106.89119,6174.7759,6154.1927,6165.6484,367.66974,1.6966378
117000.0,3234.6377,6156.6076,4011.3976,253.96127,106.89119,106.89119,106.89119,6156.5499,6161.5865,6151.6865,381.68211,1.6966378
118000.0,3093.8629,6123.4102,3951.3289,250.15832,106.89119,106.89119,106.89119,6049.7995,6149.3146,6171.1166,386.97239,1.6966378
119000.0,3060.2896,6153.2858,3947.2847,249.90229,106.89119,106.89119,106.89119,6158.8101,6155.3046,6145.7428,334.62922,1.6966378
120000.0,3178.4074,6167.2336,3973.1118,251.5374,106.89119,106.89119,106.89119,6202.5483,6101.2059,6197.9465,363.63927,1.6966378
121000.0,3099.1627,6136.434,3984.326,252.24737,106.89119,106.89119,106.89119,6197.0113,6050.3659,6161.9249,349.7912,1.6966378
122000.0,3113.1021,6143.7807,3957.1096,250.5243,106.89119,106.89119,106.89119,6186.8919,6103.0404,6141.4098,368.14437,1.6966378
123000.0,3097.8796,6136.1563,3964.8359,251.01345,106.89119,106.89119,106.89119,6142.8491,6077.6454,6187.9743,377.56307,1.6966378
124000.0,3148.5698,6141.2475,3921.1251,248.24613,106.89119,106.89119,106.89119,6228.4027,6078.4899,6116.8498,378.58527,1.6966378
125000.0,3213.7603,6143.5438,3973.9661,251.59149,106.89119,106.89119,106.89119,6224.9419,6023.2803,6182.4092,367.14597,1.6966378
126000.0,3120.0419,6146.7725,3964.2566,250.97678,106.89119,106.89119,106.89119,6190.6074,6139.214,6110.4962,371.80549,1.6966378
127000.0,3103.6207,6150.6273,3958.0225,250.58209,106.89119,106.89119,106.89119,6165.3764,6067.9382,6218.5674,339.39952,1.6966378
128000.0,3089.6437,6124.7824,3922.7911,248.3516,106.89119,106.89119,106.89119,6134.4195,6087.1043,6152.8234,362.6583,1.6966378
129000.0,3143.053,6151.9029,3927.0524,248.62138,106.89119,106.89119,106.89119,6156.2551,6080.9873,6218.4664,350.52678,1.6966378
130000.0,3019.221,6086.0816,3931.9455,248.93116,106.89119,106.89119,106.89119,6098.6806,6065.6687,6093.8954,359.55385,1.6966378
131000.0,3075.3189,6121.2035,3952.3278,250.22157,106.89119,106.89119,106.89119,6178.2958,6094.1224,6091.1924,363.40586,1.6966378
132000.0,3071.0815,6125.527,3870.188,245.0213,106.89119,106.89119,106.89119,6145.5091,6101.9743,6129.0977,356.23684,1.6966378
133000.0,3111.4153,6162.844,3987.3432,252.43839,106.89119,106.89119,106.89119,6144.6467,6193.4394,6150.4458,344.48227,1.6966378
134000.0,3163.3077,6180.8502,3950.0841,250.07951,106.89119,106.89119,106.89119,6191.4434,6191.9714,6159.1359,374.04674,1.6966378
135000.0,3072.1002,6132.6683,3942.9667,249.62892,106.89119,106.89119,106.89119,6143.1855,6120.2961,6134.5233,362.84805,1.6966378
136000.0,3044.142,6155.635,4061.8114,257.15296,106.89119,106.89119,106.89119,6201.2814,6144.6453,6120.9783,350.32393,1.6966378
137000.0,3060.4314,6111.4318,3918.839,248.10139,106.89119,106.89119,106.89119,6142.7447,6076.2941,6115.2564,350.99907,1.6966378
138000.0,3039.8842,6105.5536,4013.6919,254.10652,106.89119,106.89119,106.89119,6144.7817,6063.758,6108.1211,333.68598,1.6966378
139000.0,3128.8491,6159.2624,3958.0191,250.58188,106.89119,106.89119,106.89119,6189.1407,6124.553,6164.0936,349.43014,1.6966378
140000.0,3025.6983,6143.9614,3979.0882,251.91577,106.89119,106.89119,106.89119,6134.0413,6163.383,6134.4599,351.44739,1.6966378
141000.0,3056.1137,6141.9138,3937.8678,249.3061,106.89119,106.89119,106.89119,6137.2705,6103.7526,6184.7183,353.86471,1.6966378
142000.0,3101.6738,6148.1285,3969.8179,251.32886,106.89119,106.89119,106.89119,6136.2255,6149.4841,6158.6761,325.3352,1.6966378
143000.0,3044.5416,6129.7751,3973.5504,251.56516,106.89119,106.89119,106.89119,6125.1864,6089.5451,6174.594,365.57392,1.6966378
144000.0,3001.406,6111.3007,3966.6705,251.1296,106.89119,106.89119,106.89119,6204.7462,6032.2517,6096.9042,364.2237,1.6966378
145000.0,3006.5528,6112.003,4006.15,253.62905,106.89119,106.89119,106.89119,6169.7446,6062.5372,6103.7272,361.25115,1.6966378
146000.0,3009.775,6123.8768,3917.49,248.01599,106.89119,106.89119,106.89119,6163.5294,6077.9926,6130.1084,343.46623,1.6966378
147000.0,3032.1649,6118.8831,3909.2338,247.49329,106.89119,106.89119,106.89119,6126.1328,6097.1688,6133.3477,349.28369,1.6966378
148000.0,3065.1096,6124.3726,3953.894,250.32072,106.89119,106.89119,106.89119,6125.9399,6128.773,6118.405,375.87537,1.6966378
149000.0,2983.8954,6114.8304,4024.195,254.77147,106.89119,106.89119,106.89119,6155.8108,6101.507,6087.1734,348.72924,1.6966378
150000.0,2995.7554,6119.369,3966.5511,251.12204,106.89119,106.89119,106.89119,6144.9807,6100.9793,6112.1469,387.02762,1.6966378
151000.0,3049.281,6148.0172,3975.3423,251.67861,106.89119,106.89119,106.89119,6168.8108,6178.5432,6096.6976,335.5902,1.6966378
152000.0,2989.1748,6091.841,3966.0044,251.08743,106.89119,106.89119,106.89119,6125.0227,6044.8999,6105.6004,344.12855,1.6966378
153000.0,2993.6111,6116.2458,3976.8551,251.77438,106.89119,106.89119,106.89119,6095.3831,6077.0629,6176.2913,345.80684,1.6966378
154000.0,3049.5009,6116.6894,3880.6108,245.68116,106.89119,106.89119,106.89119,6117.1981,6087.4051,6145.4651,359.01463,1.6966378
155000.0,2961.0701,6103.0856,3989.4346,252.5708,106.89119,106.89119,106.89119,6106.4657,6090.1452,6112.6459,348.30806,1.6966378
156000.0,2942.5013,6104.2235,3921.2127,248.25167,106.89119,106.89119,106.89119,6145.1219,6084.887,6082.6616,346.38961,1.6966378
157000.0,2981.3857,6095.0697,3980.1175,251.98093,106.89119,106.89119,106.89119,6104.5158,6058.5657,6122.1277,338.10738,1.6966378
158000.0,2950.0198,6103.3645,4027.2705,254.96618,106.89119,106.89119,106.89119,6088.3604,6085.8323,6135.9009,365.65228,1.6966378
159000.0,3055.5934,6131.5404,3919.7065,248.15631,106.89119,106.89119,106.89119,6180.0421,6054.7184,6159.8607,363.5579,1.6966378
160000.0,2959.3956,6092.6717,3965.6143,251.06273,106.89119,106.89119,106.89119,6029.9862,6125.9018,6122.1272,363.04674,1.6966378
161000.0,2907.1687,6074.6399,3986.7495,252.4008,106.89119,106.89119,106.89119,6082.993,6081.1893,6059.7375,344.91328,1.6966378
162000.0,2882.2794,6059.992,3912.6404,247.70896,106.89119,106.89119,106.89119,6112.8688,6029.6393,6037.4678,375.64171,1.6966378
163000.0,3099.0757,6140.1879,3942.1791,249.57905,106.89119,106.89119,106.89119,6183.0524,6077.2574,6160.2539,403.95352,1.6966378
164000.0,2932.5597,6085.4354,3955.2304,250.40533,106.89119,106.89119,106.89119,6123.9899,6091.7368,6040.5795,383.57413,1.6966378
165000.0,3014.1221,6097.3078,3901.9526,247.03232,106.89119,106.89119,106.89119,6102.2072,6076.7587,6112.9573,362.40162,1.6966378
166000.0,2969.6157,6087.561,3919.9944,248.17454,106.89119,106.89119,106.89119,6087.1442,6068.2534,6107.2854,360.84542,1.6966378
167000.0,3074.1891,6125.3181,3973.0737,251.53499,106.89119,106.89119,106.89119,6088.7708,6100.7122,6186.4714,343.74927,1.6966378
168000.0,2933.7765,6094.5567,3951.6122,250.17626,106.89119,106.89119,106.89119,6192.3275,6034.7436,6056.599,357.34464,1.6966378
169000.0,2931.6357,6078.4842,3934.9186,249.11939,106.89119,106.89119,106.89119,6103.1928,6015.5945,6116.6652,393.05018,1.6966378
170000.0,3002.2106,6125.2083,3963.9111,250.9549,106.89119,106.89119,106.89119,6125.1218,6116.3794,6134.1236,384.96632,1.6966378
171000.0,2956.5836,6093.0226,3938.53,249.34803,106.89119,106.89119,106.89119,6144.3018,6059.3467,6075.4192,362.09204,1.6966378
172000.0,3020.7006,6096.5798,3991.6784,252.71285,106.89119,106.89119,106.89119,6097.5518,6082.3825,6109.8052,366.15824,1.6966378
173000.0,2969.8313,6110.1009,3975.8643,251.71166,106.89119,106.89119,106.89119,6130.858,6109.051,6090.3937,367.07205,1.6966378
174000.0,2979.0021,6092.9855,3903.0042,247.09889,106.89119,106.89119,106.89119,6067.5266,6076.6992,6134.7306,351.69362,1.6966378
175000.0,3007.8159,6101.4769,3978.8095,251.89812,106.89119,106.89119,106.89119,6102.9102,6118.517,6083.0037,353.77015,1.6966378
176000.0,2987.8968,6113.7345,3893.2482,246.48124,106.89119,106.89119,106.89119,6125.6959,6096.5483,6118.9593,370.45062,1.6966378
177000.0,2995.6423,6091.5681,3987.2945,252.43531,106.89119,106.89119,106.89119,6068.398,6105.9715,6100.3348,358.29772,1.6966378
178000.0,2978.032,6089.2343,4007.4369,253.71052,106.89119,106.89119,106.89119,6086.26,6070.922,6110.5208,388.41672,1.6966378
179000.0,2946.7442,6119.1262,3993.7326,252.8429,106.89119,106.89119,106.89119,6071.2772,6125.2892,6160.8121,390.22627,1.6966378
180000.0,2939.2279,6097.6199,3995.4772,252.95335,106.89119,106.89119,106.89119,6112.0989,6038.5152,6142.2454,361.87462,1.6966378
181000.0,2933.6216,6089.292,3999.3907,253.20112,106.89119,106.89119,106.89119,6103.0296,6073.2001,6091.6463,353.29225,1.6966378
182000.0,2918.9235,6074.0439,3926.987,248.61724,106.89119,106.89119,106.89119,6103.8444,6059.9417,6058.3455,346.48406,1.6966378
183000.0,2992.931,6093.0921,3864.6402,244.67007,106.89119,106.89119,106.89119,6129.1903,6079.656,6070.4301,350.80386,1.6966378
184000.0,2943.7701,6075.7066,3992.6253,252.7728,106.89119,106.89119,106.89119,6055.0563,6059.8006,6112.2629,362.14754,1.6966378
185000.0,2926.9413,6103.4962,3987.587,252.45382,106.89119,106.89119,106.89119,6143.8827,6072.1655,6094.4403,328.72799,1.6966378
186000.0,2876.3559,6085.5007,3931.5017,248.90306,106.89119,106.89119,106.89119,6087.8116,6133.1242,6035.5664,371.37166,1.6966378
187000.0,2985.8033,6107.0795,3995.1543,252.93291,106.89119,106.89119,106.89119,6048.4568,6118.4897,6154.2921,380.67765,1.6966378
188000.0,2994.8117,6100.9871,3922.1741,248.31254,106.89119,106.89119,106.89119,6116.0186,6126.3497,6060.593,349.98096,1.6966378
189000.0,2922.6791,6089.1349,3971.0316,251.4057,106.89119,106.89119,106.89119,6070.1541,6113.5818,6083.6687,364.26215,1.6966378
190000.0,2994.3128,6127.9714,3973.0836,251.53561,106.89119,106.89119,106.89119,6091.8228,6128.5661,6163.5254,359.05312,1.6966378
191000.0,2979.0546,6113.5385,3939.6217,249.41714,106.89119,106.89119,106.89119,6130.273,6093.6992,6116.6434,368.40554,1.6966378
192000.0,2947.5426,6120.3635,3979.837,251.96317,106.89119,106.89119,106.89119,6077.4715,6127.6828,6155.9362,371.86514,1.6966378
193000.0,2855.4043,6075.1576,3952.0904,250.20654,106.89119,106.89119,106.89119,6100.613,6078.3472,6046.5125,363.62221,1.6966378
194000.0,2890.9295,6060.5473,3920.4737,248.20489,106.89119,106.89119,106.89119,6062.0265,6087.5698,6032.0456,366.71587,1.6966378
195000.0,2993.1801,6090.527,3934.2985,249.08013,106.89119,106.89119,106.89119,6106.2147,6095.4532,6069.9131,376.01622,1.6966378
196000.0,2981.9055,6100.9443,3967.9056,251.2078,106.89119,106.89119,106.89119,6093.8175,6103.4624,6105.5529,358.46166,1.6966378
197000.0,2927.7008,6097.3758,3911.139,247.61391,106.89119,106.89119,106.89119,6116.0726,6079.2892,6096.7656,369.87137,1.6966378
198000.0,2913.9389,6074.7124,3928.2456,248.69693,106.89119,106.89119,106.89119,6054.6918,6122.8634,6046.582,374.55009,1.6966378
199000.0,2886.5394,6080.1972,3947.3604,249.90708,106.89119,106.89119,106.89119,6119.916,6063.8815,6056.794,378.33842,1.6966378
200000.0,2860.4435,6063.634,3944.9066,249.75173,106.89119,106.89119,106.89119,6048.2674,6040.6943,6101.9402,354.56963,1.6966378
201000.0,2949.7241,6093.6943,3918.6422,248.08893,106.89119,106.89119,106.89119,6110.5648,6090.4383,6080.0798,357.48851,1.6966378
202000.0,2849.1218,6055.2134,3861.2671,244.45652,106.89119,106.89119,106.89119,6066.8961,6082.0625,6016.6816,361.46323,1.6966378
203000.0,2955.6687,6103.7604,3918.4416,248.07623,106.89119,106.89119,106.89119,6138.5558,6104.569,6068.1564,361.29732,1.6966378
204000.0,2948.8082,6098.7839,4013.0302,254.06463,106.89119,106.89119,106.89119,6130.6206,6115.0971,6050.634,348.23319,1.6966378
205000.0,2858.0804,6077.3632,3919.7923,248.16175,106.89119,106.89119,106.89119,6113.6591,6063.9577,6054.4727,334.48581,1.6966378
206000.0,2923.9211,6088.7159,4016.7439,254.29974,106.89119,106.89119,106.89119,6127.6983,6085.2024,6053.247,336.39093,1.6966378
207000.0,2891.5572,6058.6369,3846.3584,243.51265,106.89119,106.89119,106.89119,6036.297,6086.598,6053.0156,354.79149,1.6966378
208000.0,2986.935,6106.6159,3979.0329,251.91226,106.89119,106.89119,106.89119,6100.8533,6083.8974,6135.097,388.80094,1.6966378
209000.0,2853.9292,6095.1554,3893.1226,246.47329,106.89119,106.89119,106.89119,6078.9553,6071.9256,6134.5853,379.05112,1.6966378
210000.0,2885.577,6050.4829,3894.9312,246.58779,106.89119,106.89119,106.89119,6018.7062,6054.0909,6078.6516,349.48531,1.6966378
211000.0,2922.4082,6069.7514,4013.4672,254.0923,106.89119,106.89119,106.89119,6111.1828,5986.1085,6111.963,380.9667,1.6966378
212000.0,2874.0113,6065.1935,3968.2336,251.22856,106.89119,106.89119,106.89119,6095.3383,6023.0777,6077.1644,353.04819,1.6966378
213000.0,2873.0949,6086.8203,3986.6479,252.39437,106.89119,106.89119,106.89119,6038.1359,6087.9837,6134.3414,370.73581,1.6966378
214000.0,2850.7978,6045.0867,3930.677,248.85086,106.89119,106.89119,106.89119,6010.8834,6082.3193,6042.0573,379.06612,1.6966378
215000.0,2946.6179,6100.2197,3962.6538,250.8753,106.89119,106.89119,106.89119,6108.6743,6062.0574,6129.9275,381.22753,1.6966378
216000.0,2832.1607,6058.4872,4013.9432,254.12243,106.89119,106.89119,106.89119,6003.3264,6049.3811,6122.7541,382.77427,1.6966378
217000.0,2878.2324,6066.0861,3901.0759,246.97681,106.89119,106.89119,106.89119,6072.2417,6072.7305,6053.2861,368.47867,1.6966378
218000.0,2840.8047,6077.4958,4016.3812,254.27678,106.89119,106.89119,106.89119,6037.7494,6109.2634,6085.4745,348.99638,1.6966378
219000.0,2911.6574,6079.789,3940.24,249.45629,106.89119,106.89119,106.89119,6048.4346,6076.5229,6114.4095,346.8917,1.6966378
220000.0,2898.6211,6047.5009,3878.5236,245.54902,106.89119,106.89119,106.89119,6102.2108,6011.2471,6029.0448,354.96032,1.6966378
221000.0,2919.5591,6094.9822,3938.4585,249.3435,106.89119,106.89119,106.89119,6132.6278,6065.1624,6087.1563,349.13133,1.6966378
222000.0,2876.5688,6060.7335,3908.3699,247.4386,106.89119,106.89119,106.89119,6119.5306,6020.0844,6042.5855,338.20327,1.6966378
223000.0,2854.9217,6063.0837,3999.3569,253.19897,106.89119,106.89119,106.89119,6046.59,6035.3639,6107.2973,334.68629,1.6966378
224000.0,2882.8313,6065.5104,3910.0319,247.54382,106.89119,106.89119,106.89119,6020.9781,6109.131,6066.4222,341.51703,1.6966378
225000.0,2849.8606,6065.2598,3940.8962,249.49783,106.89119,106.89119,106.89119,6079.8733,6001.9672,6113.939,330.28775,1.6966378
226000.0,2809.9308,6058.0688,3878.4357,245.54346,106.89119,106.89119,106.89119,6099.9873,6052.6674,6021.5516,322.79798,1.6966378
227000.0,2851.606,6075.4008,4003.1852,253.44134,106.89119,106.89119,106.89119,6048.9161,6064.3865,6112.8999,328.54904,1.6966378
228000.0,2844.1148,6069.9321,3985.1924,252.30222,106.89119,106.89119,106.89119,6070.6125,6006.1825,6133.0014,332.88145,1.6966378
229000.0,2924.6139,6077.8362,3974.2058,251.60666,106.89119,106.89119,106.89119,6024.1818,6049.4286,6159.8983,369.83567,1.6966378
230000.0,2936.9668,6097.7779,4002.8831,253.42222,106.89119,106.89119,106.89119,6099.6937,6061.9338,6131.7063,378.64472,1.6966378
231000.0,2924.0992,6083.4803,3918.6161,248.08728,106.89119,106.89119,106.89119,5945.5314,6134.8426,6170.0668,352.0504,1.6966378
232000.0,2928.4744,6085.7144,3944.5041,249.72625,106.89119,106.89119,106.89119,6080.9376,6086.7443,6089.4612,335.33039,1.6966378
233000.0,2830.5192,6048.8186,3888.4535,246.17769,106.89119,106.89119,106.89119,6013.8626,6062.3433,6070.2498,333.03675,1.6966378
234000.0,2819.4699,6041.9064,3937.1043,249.25777,106.89119,106.89119,106.89119,5953.5608,6021.9875,6150.171,363.88077,1.6966378
235000.0,2888.1763,6052.6328,3948.3858,249.972,106.89119,106.89119,106.89119,6017.8053,6041.3182,6098.775,362.74738,1.6966378
236000.0,2770.9915,6032.402,3997.217,253.0635,106.89119,106.89119,106.89119,6023.8832,5975.9222,6097.4006,372.00144,1.6966378
237000.0,2816.6835,6021.4855,3976.9104,251.77788,106.89119,106.89119,106.89119,5979.4956,6050.1038,6034.8571,377.06415,1.6966378
238000.0,2862.649,6056.1396,3904.2209,247.17592,106.89119,106.89119,106.89119,6069.0904,5995.0918,6104.2366,381.07616,1.6966378
239000.0,2861.1808,6084.8794,3937.2393,249.26631,106.89119,106.89119,106.89119,6120.9208,6028.3462,6105.3712,384.71205,1.6966378
240000.0,2807.372,6073.9823,3973.8191,251.58218,106.89119,106.89119,106.89119,6086.2695,6079.3289,6056.3484,373.0557,1.6966378
241000.0,2940.5234,6060.7641,3888.3402,246.17052,106.89119,106.89119,106.89119,6067.6703,6056.3233,6058.2986,364.18565,1.6966378
242000.0,2797.2804,6055.2899,3972.2608,251.48352,106.89119,106.89119,106.89119,6071.4407,6041.9412,6052.4877,352.7741,1.6966378
243000.0,2856.3384,6070.5589,3896.8034,246.70632,106.89119,106.89119,106.89119,6049.6799,6112.6529,6049.344,358.28082,1.6966378
244000.0,2815.1733,6076.4726,3910.0482,247.54485,106.89119,106.89119,106.89119,6119.3915,6028.7236,6081.3028,359.62486,1.6966378
245000.0,2720.9702,6050.3526,3903.8366,247.15159,106.89119,106.89119,106.89119,6097.554,6017.5769,6035.9268,380.50195,1.6966378
246000.0,2938.7806,6092.4099,3878.1839,245.52752,106.89119,106.89119,106.89119,6069.1682,6099.2995,6108.7619,332.3142,1.6966378
247000.0,2787.0959,6046.362,3957.5859,250.55445,106.89119,106.89119,106.89119,6007.5396,6023.176,6108.3704,334.71111,1.6966378
248000.0,2897.0494,6073.1129,3919.4684,248.14124,106.89119,106.89119,106.89119,6066.7963,6049.5459,6102.9964,328.66921,1.6966378
249000.0,2801.3689,6078.6503,3935.9726,249.18612,106.89119,106.89119,106.89119,6083.8042,6050.5126,6101.6341,353.2985,1.6966378
250000.0,2843.9719,6057.137,3936.7841,249.23749,106.89119,106.89119,106.89119,6082.1954,6003.8048,6085.4107,355.45503,1.6966378
251000.0,2787.0713,6063.3621,3915.0384,247.86078,106.89119,106.89119,106.89119,6045.1253,6020.7845,6124.1764,354.59691,1.6966378
252000.0,2780.7653,6038.6468,3957.7007,250.56172,106.89119,106.89119,106.89119,6039.7644,6038.2081,6037.9678,383.8163,1.6966378
253000.0,2873.1807,6077.318,3989.5169,252.57601,106.89119,106.89119,106.89119,6095.3352,6042.6318,6093.9871,376.8372,1.6966378
254000.0,2827.4156,6084.6799,3898.207,246.79518,106.89119,106.89119,106.89119,6062.6444,6102.6295,6088.7657,336.64266,1.6966378
255000.0,2818.4613,6075.6911,3973.9939,251.59324,106.89119,106.89119,106.89119,6052.9894,6066.6609,6107.4229,370.77781,1.6966378
256000.0,2852.3017,6044.3494,3958.1037,250.58724,106.89119,106.89119,106.89119,6069.0795,5989.997,6073.9717,359.83839,1.6966378
257000.0,2835.3902,6056.0673,3906.9289,247.34737,106.89119,106.89119,106.89119,6101.7267,5987.2374,6079.2377,338.29546,1.6966378
258000.0,2840.8574,6062.9719,3959.2898,250.66233,106.89119,106.89119,106.89119,6069.2388,6001.057,6118.62,391.25113,1.6966378
259000.0,2849.4951,6068.6906,3962.2548,250.85004,106.89119,106.89119,106.89119,6073.6352,6031.8474,6100.5891,389.96078,1.6966378
260000.0,2737.1602,6038.6054,3959.7579,250.69196,106.89119,106.89119,106.89119,6016.6081,6022.3732,6076.8348,349.82444,1.6966378
261000.0,2798.8764,6048.4981,3933.1209,249.00558,106.89119,106.89119,106.89119,6054.4764,6012.1916,6078.8263,366.2861,1.6966378
262000.0,2783.9378,6070.5142,3925.7223,248.53717,106.89119,106.89119,106.89119,6049.7967,6100.8468,6060.8991,354.00118,1.6966378
263000.0,2749.1832,6014.2475,3949.4115,250.03694,106.89119,106.89119,106.89119,5983.5148,6048.7574,6010.4701,360.14644,1.6966378
264000.0,2691.4747,6033.7922,3947.1483,249.89365,106.89119,106.89119,106.89119,6025.7405,6028.9928,6046.6432,356.87085,1.6966378
265000.0,2747.4607,6031.2007,3898.828,246.8345,106.89119,106.89119,106.89119,6004.733,5961.58,6127.2889,363.95417,1.6966378
266000.0,2681.1121,6024.3572,3986.7986,252.40391,106.89119,106.89119,106.89119,6019.0013,6004.0668,6050.0035,387.94294,1.6966378
267000.0,2804.0033,6057.9587,3995.7823,252.97267,106.89119,106.89119,106.89119,6044.4265,6066.35,6063.0996,373.68596,1.6966378
268000.0,2720.8883,6025.0954,3951.2819,250.15535,106.89119,106.89119,106.89119,5993.3786,6067.233,6014.6747,397.7278,1.6966378
269000.0,2788.6753,6054.4106,3938.8947,249.37111,106.89119,106.89119,106.89119,5998.0542,6086.5168,6078.6607,395.69925,1.6966378
270000.0,2812.6705,6044.8307,3929.7098,248.78962,106.89119,106.89119,106.89119,6030.1274,6093.603,6010.7617,373.1197,1.6966378
271000.0,2748.1097,6045.137,3946.614,249.85982,106.89119,106.89119,106.89119,6016.8941,6112.0157,6006.5011,348.28733,1.6966378
272000.0,2762.614,6047.7148,3964.2339,250.97534,106.89119,106.89119,106.89119,6041.4121,6031.1469,6070.5855,356.23735,1.6966378
273000.0,2750.659,6043.3943,4004.0247,253.49449,106.89119,106.89119,106.89119,6025.2133,6082.7535,6022.2161,383.91573,1.6966378
274000.0,2763.4176,6049.6959,3979.0735,251.91483,106.89119,106.89119,106.89119,6057.5153,6045.0789,6046.4934,387.10569,1.6966378
275000.0,2807.0902,6070.9659,3985.4125,252.31616,106.89119,106.89119,106.89119,6074.6445,6058.0421,6080.2112,388.64674,1.6966378
276000.0,2738.3102,6055.8187,3947.6586,249.92596,106.89119,106.89119,106.89119,6060.6067,6058.2753,6048.5742,364.07396,1.6966378
277000.0,2715.8072,6049.6469,3907.2809,247.36965,106.89119,106.89119,106.89119,6072.9985,6003.604,6072.3381,366.53547,1.6966378
278000.0,2771.9354,6049.602,3897.9965,246.78186,106.89119,106.89119,106.89119,6072.8838,6033.273,6042.6492,365.50704,1.6966378
279000.0,2780.542,6056.4092,3937.5185,249.28399,106.89119,106.89119,106.89119,6070.9009,6072.3807,6025.9459,360.7915,1.6966378
280000.0,2844.0239,6080.9061,3903.416,247.12496,106.89119,106.89119,106.89119,6098.2247,6093.4101,6051.0834,362.60679,1.6966378
281000.0,2793.1616,6043.813,3919.4123,248.13769,106.89119,106.89119,106.89119,5999.0634,6025.4284,6106.9473,362.00989,1.6966378
282000.0,2750.8115,6045.515,4001.0122,253.30377,106.89119,106.89119,106.89119,6002.6434,5997.5362,6136.3653,362.64052,1.6966378
283000.0,2750.9985,6047.7567,4015.5453,254.22386,106.89119,106.89119,106.89119,6021.2006,6061.4462,6060.6233,355.83527,1.6966378
284000.0,2760.9043,6056.328,3961.8256,250.82287,106.89119,106.89119,106.89119,6077.2916,6015.0322,6076.6602,353.68275,1.6966378
285000.0,2746.9129,6051.2638,3915.1391,247.86715,106.89119,106.89119,106.89119,6052.6744,6035.4988,6065.6181,359.36928,1.6966378
286000.0,2777.283,6077.2677,3984.6162,252.26574,106.89119,106.89119,106.89119,6048.0029,6079.2321,6104.5681,352.82275,1.6966378
287000.0,2710.4881,6036.8338,3937.6737,249.29381,106.89119,106.89119,106.89119,6007.6573,6065.2921,6037.5521,362.58383,1.6966378
288000.0,2824.3838,6066.061,3973.3076,251.5498,106.89119,106.89119,106.89119,6028.5877,6071.1201,6098.4751,357.2499,1.6966378
289000.0,2786.3577,6052.9184,3953.7377,250.31083,106.89119,106.89119,106.89119,6044.5917,6026.7763,6087.3873,367.45028,1.6966378
290000.0,2729.6927,6033.9604,4063.5134,257.26071,106.89119,106.89119,106.89119,6056.8105,6003.484,6041.5867,360.47077,1.6966378
291000.0,2697.7289,6044.624,3993.4553,252.82534,106.89119,106.89119,106.89119,6007.0289,6038.284,6088.5591,358.57811,1.6966378
292000.0,2717.4157,6024.3225,3962.8976,250.89074,106.89119,106.89119,106.89119,6015.8465,6052.5708,6004.5502,363.24592,1.6966378
293000.0,2615.0933,5996.7177,3926.0177,248.55588,106.89119,106.89119,106.89119,6037.0518,5977.6357,5975.4656,334.15593,1.6966378
294000.0,2755.854,6040.6445,3962.9888,250.89651,106.89119,106.89119,106.89119,6034.7917,6023.8611,6063.2808,344.75786,1.6966378
295000.0,2755.8773,6049.3468,3871.4782,245.10298,106.89119,106.89119,106.89119,6049.6358,6022.6209,6075.7836,354.34548,1.6966378
296000.0,2726.1457,6047.304,3938.4601,249.3436,106.89119,106.89119,106.89119,6111.3743,6013.154,6017.3837,377.40085,1.6966378
297000.0,2760.3611,6051.745,4008.8339,253.79896,106.89119,106.89119,106.89119,6068.2839,6072.5045,6014.4466,333.84335,1.6966378
298000.0,2722.0955,6049.1637,3940.5376,249.47513,106.89119,106.89119,106.89119,6003.7314,6068.1111,6075.6484,361.56642,1.6966378
299000.0,2766.8195,6045.9854,3947.9585,249.94494,106.89119,106.89119,106.89119,6046.3036,6050.9433,6040.7093,396.25984,1.6966378
300000.0,2672.3444,6030.4863,3942.059,249.57145,106.89119,106.89119,106.89119,6015.8041,5998.906,6076.7487,363.4675,1.6966378
301000.0,2759.8663,6041.7072,3948.7521,249.99519,106.89119,106.89119,106.89119,6126.3222,5959.1876,6039.6119,386.39874,1.6966378
302000.0,2735.5929,6037.8069,3928.9527,248.74169,106.89119,106.89119,106.89119,6050.4114,6014.1907,6048.8185,357.45809,1.6966378
303000.0,2708.6768,6024.6671,3973.406,251.55602,106.89119,106.89119,106.89119,6036.6175,5994.4623,6042.9216,389.76923,1.6966378
304000.0,2774.053,6058.3232,3993.2693,252.81357,106.89119,106.89119,106.89119,6123.8839,6019.4708,6031.6148,358.30145,1.6966378
305000.0,2714.7726,6036.8461,4068.2283,257.55922,106.89119,106.89119,106.89119,6074.1375,5949.7644,6086.6364,373.3081,1.6966378
306000.0,2802.062,6076.3385,3939.989,249.4404,106.89119,106.89119,106.89119,6106.0023,6019.8222,6103.191,381.03463,1.6966378
307000.0,2773.0831,6059.7368,3931.5623,248.9069,106.89119,106.89119,106.89119,6048.5024,6076.0445,6054.6635,372.72131,1.6966378
308000.0,2654.3172,6036.2779,3933.3094,249.01751,106.89119,106.89119,106.89119,6076.7698,5971.2364,6060.8275,390.10366,1.6966378
309000.0,2703.236,6041.4081,3960.7296,250.75348,106.89119,106.89119,106.89119,6024.5215,6025.5471,6074.1558,386.17863,1.6966378
310000.0,2763.204,6068.2787,3969.2628,251.29372,106.89119,106.89119,106.89119,6029.1505,6036.0011,6139.6844,383.65784,1.6966378
311000.0,2729.2709,6036.6335,3992.7005,252.77756,106.89119,106.89119,106.89119,6021.7839,6002.4212,6085.6955,378.19955,1.6966378
312000.0,2646.9031,6025.5239,3979.6285,251.94997,106.89119,106.89119,106.89119,6000.5309,6040.1376,6035.9031,363.8699,1.6966378
313000.0,2759.4441,6072.2236,3973.8341,251.58313,106.89119,106.89119,106.89119,6085.3708,6049.2848,6082.0151,340.35067,1.6966378
314000.0,2725.7002,6048.6601,3960.9686,250.76861,106.89119,106.89119,106.89119,6008.8574,6116.2378,6020.885,342.17445,1.6966378
315000.0,2743.9414,6049.0704,3990.4633,252.63592,106.89119,106.89119,106.89119,6036.1063,6043.2114,6067.8934,344.15839,1.6966378
316000.0,2738.4397,6030.6983,4013.1298,254.07094,106.89119,106.89119,106.89119,6006.2079,5984.6078,6101.2793,338.57421,1.6966378
317000.0,2743.9616,6058.3754,3978.4628,251.87617,106.89119,106.89119,106.89119,6037.1716,6045.017,6092.9376,349.92732,1.6966378
318000.0,2683.4801,6022.1889,4005.836,253.60916,106.89119,106.89119,106.89119,6030.8601,5999.12,6036.5864,329.14473,1.6966378
319000.0,2738.7431,6038.8216,3915.9734,247.91997,106.89119,106.89119,106.89119,6024.3402,6053.9681,6038.1566,347.43365,1.6966378
320000.0,2730.1087,6044.37,3957.758,250.56535,106.89119,106.89119,106.89119,6027.8384,6050.9452,6054.3265,379.78688,1.6966378
321000.0,2825.5105,6039.9101,3980.5846,252.0105,106.89119,106.89119,106.89119,6029.836,6074.5328,6015.3615,378.68098,1.6966378
322000.0,2747.7117,6018.0133,3941.8151,249.556,106.89119,106.89119,106.89119,5970.3142,6029.4375,6054.2882,362.40494,1.6966378
323000.0,2696.3364,6020.5637,3927.5484,248.65278,106.89119,106.89119,106.89119,6029.0084,5982.724,6049.9587,354.50451,1.6966378
324000.0,2808.1685,6072.0601,3912.4275,247.69548,106.89119,106.89119,106.89119,6050.6831,6072.6458,6092.8514,335.74366,1.6966378
325000.0,2743.9598,6047.9859,3913.1667,247.74228,106.89119,106.89119,106.89119,6046.3635,6051.3212,6046.273,331.86045,1.6966378
326000.0,2737.0592,6044.3998,3956.7405,250.50093,106.89119,106.89119,106.89119,6110.5887,6039.1995,5983.4112,353.01206,1.6966378
327000.0,2708.8725,6066.4878,4027.0007,254.9491,106.89119,106.89119,106.89119,6080.5949,5993.7947,6125.0737,358.68667,1.6966378
328000.0,2748.1776,6043.7568,4042.0045,255.89899,106.89119,106.89119,106.89119,6078.9047,6014.0884,6038.2773,367.75917,1.6966378
329000.0,2684.7465,6038.5882,3998.4849,253.14377,106.89119,106.89119,106.89119,6089.0695,6003.6373,6023.0577,377.11144,1.6966378
330000.0,2731.5533,6040.4706,3969.9073,251.33452,106.89119,106.89119,106.89119,6044.0904,6050.0793,6027.2421,368.75383,1.6966378
331000.0,2746.5981,6041.8603,3989.2765,252.56079,106.89119,106.89119,106.89119,6010.2917,6049.7876,6065.5016,354.13264,1.6966378
332000.0,2710.3361,6025.4843,3952.2782,250.21843,106.89119,106.89119,106.89119,6015.633,5984.2714,6076.5485,362.62918,1.6966378
333000.0,2652.8937,6026.9402,3895.8343,246.64496,106.89119,106.89119,106.89119,6057.0748,6019.4761,6004.2698,359.36522,1.6966378
334000.0,2751.5265,6052.0545,3923.9573,248.42543,106.89119,106.89119,106.89119,6080.2094,6049.2918,6026.6623,358.2489,1.6966378
335000.0,2695.05,6034.3705,3956.6774,250.49694,106.89119,106.89119,106.89119,6139.3883,5977.2572,5986.4658,375.14259,1.6966378
336000.0,2758.3197,6064.4179,3899.6797,246.88842,106.89119,106.89119,106.89119,6133.7648,5987.0744,6072.4145,375.04167,1.6966378
337000.0,2657.7635,6020.227,3957.3773,250.54125,106.89119,106.89119,106.89119,6052.3489,6040.3389,5967.9931,345.47805,1.6966378
338000.0,2764.4062,6056.0389,3929.2026,248.75751,106.89119,106.89119,106.89119,6091.1304,6015.7657,6061.2206,342.47255,1.6966378
339000.0,2846.9718,6088.1029,3859.1307,244.32127,106.89119,106.89119,106.89119,6068.9683,6103.8469,6091.4935,353.51418,1.6966378
340000.0,2775.9471,6079.4928,3880.5693,245.67854,106.89119,106.89119,106.89119,6137.0223,6024.9609,6076.4952,335.67544,1.6966378
341000.0,2713.537,6032.9171,3920.6892,248.21853,106.89119,106.89119,106.89119,6052.7078,5999.5556,6046.4879,348.42258,1.6966378
342000.0,2690.3601,6030.7026,3984.9585,252.28741,106.89119,106.89119,106.89119,6052.4275,5963.901,6075.7793,354.925,1.6966378
343000.0,2640.3589,6038.6935,3940.4562,249.46998,106.89119,106.89119,106.89119,6019.5426,6013.218,6083.3201,352.75401,1.6966378
344000.0,2696.0246,6023.5882,3946.8526,249.87493,106.89119,106.89119,106.89119,6077.2529,5997.9895,5995.5222,351.9284,1.6966378
345000.0,2648.9054,6034.7679,3911.9954,247.66812,106.89119,106.89119,106.89119,6036.2797,5970.0024,6098.0217,348.27338,1.6966378
346000.0,2700.6925,6036.644,3950.722,250.1199,106.89119,106.89119,106.89119,6026.2859,5972.1752,6111.471,340.92081,1.6966378
347000.0,2776.7471,6071.8747,3938.4409,249.34239,106.89119,106.89119,106.89119,6094.355,6048.7635,6072.5058,355.82514,1.6966378
348000.0,2743.412,6055.1862,3960.6804,250.75037,106.89119,106.89119,106.89119,6121.3466,5999.8551,6044.3569,358.30098,1.6966378
349000.0,2709.0055,6049.9431,3951.1115,250.14456,106.89119,106.89119,106.89119,6058.6373,6051.127,6040.0649,327.94506,1.6966378
350000.0,2705.1192,6033.248,3948.2235,249.96172,106.89119,106.89119,106.89119,6124.2886,5971.0954,6004.3599,326.2671,1.6966378
351000.0,2649.5465,6000.1563,3932.1477,248.94397,106.89119,106.89119,106.89119,6031.5693,5951.3249,6017.5746,320.22157,1.6966378
352000.0,2632.1548,6019.5485,3986.0543,252.35678,106.89119,106.89119,106.89119,6070.4591,5970.9618,6017.2247,370.24415,1.6966378
353000.0,2689.8348,6030.838,3955.9547,250.45118,106.89119,106.89119,106.89119,6009.6787,6037.4642,6045.3711,359.82777,1.6966378
354000.0,2648.3815,6012.7225,3949.6334,250.05098,106.89119,106.89119,106.89119,6051.1985,5980.8453,6006.1238,386.99803,1.6966378
355000.0,2655.5005,6023.5656,3837.6581,242.96184,106.89119,106.89119,106.89119,6038.1437,6035.7318,5996.8215,383.72814,1.6966378
356000.0,2774.3772,6068.7804,3922.4675,248.33111,106.89119,106.89119,106.89119,6088.7505,5993.1356,6124.455,340.15436,1.6966378
357000.0,2688.0884,6052.7052,3990.7635,252.65493,106.89119,106.89119,106.89119,6073.4138,6010.6873,6074.0145,359.13789,1.6966378
358000.0,2636.0401,6018.0798,3958.2627,250.5973,106.89119,106.89119,106.89119,6041.2854,5946.3261,6066.6279,351.25891,1.6966378
359000.0,2771.0116,6060.1249,3939.7083,249.42263,106.89119,106.89119,106.89119,6073.1144,6031.1655,6076.0947,335.63102,1.6966378
360000.0,2727.9074,6035.5531,3929.8061,248.79572,106.89119,106.89119,106.89119,6026.4249,6026.0132,6054.2212,340.25813,1.6966378
361000.0,2713.7641,6036.7969,3973.3463,251.55225,106.89119,106.89119,106.89119,6093.2668,6014.7497,6002.3742,330.70159,1.6966378
362000.0,2619.6881,6021.459,3927.6048,248.65635,106.89119,106.89119,106.89119,6065.6776,5956.0542,6042.645,336.35627,1.6966378
363000.0,2715.688,6038.0469,3858.9614,244.31054,106.89119,106.89119,106.89119,6097.2169,5994.6243,6022.2995,349.28701,1.6966378
364000.0,2698.141,6023.5554,3905.7325,247.27162,106.89119,106.89119,106.89119,6006.2288,6038.8027,6025.6348,349.56181,1.6966378
365000.0,2723.5905,6045.1981,3972.9044,251.52427,106.89119,106.89119,106.89119,6083.8155,5989.8836,6061.8952,362.67005,1.6966378
366000.0,2688.8821,6040.1808,4003.7995,253.48024,106.89119,106.89119,106.89119,6031.5348,6045.4121,6043.5954,387.45563,1.6966378
367000.0,2749.8417,6055.9191,3924.3062,248.44752,106.89119,106.89119,106.89119,6086.9252,6032.9925,6047.8395,388.74688,1.6966378
368000.0,2754.462,6038.7111,3860.9724,244.43786,106.89119,106.89119,106.89119,6057.2877,6005.5642,6053.2815,378.5201,1.6966378
369000.0,2751.1357,6041.9005,3978.1176,251.85431,106.89119,106.89119,106.89119,6061.7595,6016.6075,6047.3343,368.75535,1.6966378
370000.0,2625.2866,5993.7494,3914.4944,247.82634,106.89119,106.89119,106.89119,5993.3729,5966.3766,6021.4988,364.27675,1.6966378
371000.0,2759.8021,6037.9908,3934.5834,249.09817,106.89119,106.89119,106.89119,6071.9564,5966.9343,6075.0815,388.114,1.6966378
372000.0,2701.2225,6029.552,3953.7808,250.31355,106.89119,106.89119,106.89119,6038.5735,5978.2927,6071.7897,379.37226,1.6966378
373000.0,2705.7806,6031.5523,3926.247,248.57039,106.89119,106.89119,106.89119,6102.9574,5945.6089,6046.0907,366.19899,1.6966378
374000.0,2710.9435,6015.2698,3892.2031,246.41507,106.89119,106.89119,106.89119,5990.3281,5986.1817,6069.2997,328.59531,1.6966378
375000.0,2659.4085,6024.6951,3978.534,251.88068,106.89119,106.89119,106.89119,6027.5989,5978.3116,6068.1749,346.28392,1.6966378
376000.0,2675.7207,6001.9343,3912.3074,247.68787,106.89119,106.89119,106.89119,5941.909,6003.9048,6059.9893,363.56342,1.6966378
377000.0,2634.9962,6011.9819,3941.7935,249.55464,106.89119,106.89119,106.89119,6017.1666,6024.7033,5994.0759,363.70224,1.6966378
378000.0,2734.0234,6036.1321,3917.2764,248.00247,106.89119,106.89119,106.89119,6057.2956,5980.3613,6070.7393,374.99161,1.6966378
379000.0,2627.3144,5988.2504,3898.6697,246.82447,106.89119,106.89119,106.89119,6000.8271,5947.3634,6016.5608,400.15134,1.6966378
380000.0,2722.2763,6035.4426,3938.7356,249.36104,106.89119,106.89119,106.89119,6025.4794,6019.9504,6060.8979,393.17171,1.6966378
381000.0,2717.8277,6031.3345,3892.7418,246.44918,106.89119,106.89119,106.89119,6070.4076,5975.6493,6047.9465,347.04982,1.6966378
382000.0,2769.9781,6065.8512,3935.3937,249.14947,106.89119,106.89119,106.89119,6115.4433,6024.186,6057.9242,347.00609,1.6966378
383000.0,2708.1238,6028.3358,3976.7729,251.76918,106.89119,106.89119,106.89119,6089.9893,5953.1494,6041.8686,354.74893,1.6966378
384000.0,2691.3124,6053.5323,4019.7244,254.48844,106.89119,106.89119,106.89119,6091.8039,6007.4158,6061.3772,341.34491,1.6966378
385000.0,2700.0775,6013.8249,3944.6861,249.73777,106.89119,106.89119,106.89119,6029.2016,5997.1068,6015.1663,337.59607,1.6966378
386000.0,2654.5472,6012.9635,3928.5693,248.71741,106.89119,106.89119,106.89119,6056.2794,5969.432,6013.179,338.56511,1.6966378
387000.0,2731.937,6026.933,3921.3816,248.26237,106.89119,106.89119,106.89119,6082.9112,5946.8951,6050.9925,349.99375,1.6966378
388000.0,2684.2105,6045.4872,3953.9444,250.32391,106.89119,106.89119,106.89119,6088.6939,5986.2934,6061.4744,352.57731,1.6966378
389000.0,2662.0616,5998.4665,3904.2977,247.18078,106.89119,106.89119,106.89119,6067.2284,5940.4947,5987.6765,371.60553,1.6966378
390000.0,2729.7322,6051.0676,3972.0023,251.46716,106.89119,106.89119,106.89119,6088.6285,5993.982,6070.5925,381.9708,1.6966378
391000.0,2651.7916,6026.105,3910.9371,247.60112,106.89119,106.89119,106.89119,6089.9952,5978.1068,6010.2131,350.09268,1.6966378
392000.0,2682.5994,6040.4193,3913.6675,247.77399,106.89119,106.89119,106.89119,6074.2991,5925.8705,6121.0882,352.93565,1.6966378
393000.0,2600.1223,6008.7196,3920.1917,248.18703,106.89119,106.89119,106.89119,5991.138,5999.4568,6035.5641,367.87078,1.6966378
394000.0,2740.7114,6027.7109,3962.4384,250.86167,106.89119,106.89119,106.89119,6022.5537,5983.4531,6077.1259,397.68703,1.6966378
395000.0,2681.4216,6050.0345,4007.081,253.68799,106.89119,106.89119,106.89119,6016.0967,6030.5303,6103.4766,376.95152,1.6966378
396000.0,2619.6729,6011.3546,3987.998,252.47984,106.89119,106.89119,106.89119,6046.4973,6012.3753,5975.1911,358.15167,1.6966378
397000.0,2722.6105,6051.1196,3952.5035,250.23269,106.89119,106.89119,106.89119,6101.2944,6008.9435,6043.1208,351.20414,1.6966378
398000.0,2735.0857,6022.9486,3988.9557,252.54048,106.89119,106.89119,106.89119,6048.6246,5973.3557,6046.8656,358.69098,1.6966378
399000.0,2725.224,6002.9657,3909.184,247.49014,106.89119,106.89119,106.89119,6013.507,5970.257,6025.133,348.21719,1.6966378
400000.0,2723.492,6038.6651,3926.6636,248.59677,106.89119,106.89119,106.89119,6049.8372,5952.1373,6114.0206,362.81252,1.6966378
401000.0,2735.1555,6044.9624,3931.0585,248.87501,106.89119,106.89119,106.89119,6079.5533,6004.2345,6051.0994,344.12568,1.6966378
402000.0,2629.7568,5989.5416,4005.7604,253.60438,106.89119,106.89119,106.89119,5957.751,5967.7795,6043.0942,342.75679,1.6966378
403000.0,2647.7419,6026.9881,3884.1683,245.90639,106.89119,106.89119,106.89119,6018.9351,6032.9599,6029.0694,378.4499,1.6966378
404000.0,2740.8306,6067.1711,4021.0956,254.57525,106.89119,106.89119,106.89119,6112.7816,6017.5299,6071.2018,360.15583,1.6966378
405000.0,2628.9686,6003.2399,3933.348,249.01996,106.89119,106.89119,106.89119,5958.7779,5996.9968,6053.945,354.40902,1.6966378
406000.0,2696.1016,6040.8427,3974.9752,251.65537,106.89119,106.89119,106.89119,6074.9757,5981.3185,6066.2339,362.68795,1.6966378
407000.0,2637.7977,5997.1948,3927.6893,248.6617,106.89119,106.89119,106.89119,6094.9484,5885.2567,6011.3792,338.55238,1.6966378
408000.0,2641.5908,5982.6341,3977.7171,251.82896,106.89119,106.89119,106.89119,6023.0659,5849.0872,6075.7491,350.93784,1.6966378
409000.0,2612.139,5989.2067,3997.177,253.06096,106.89119,106.89119,106.89119,5952.0334,6031.4205,5984.1663,367.94092,1.6966378
410000.0,2665.2034,6002.3817,3959.0973,250.65014,106.89119,106.89119,106.89119,6011.0854,5940.179,6055.8808,399.24844,1.6966378
411000.0,2630.6968,5996.6065,3895.8654,246.64694,106.89119,106.89119,106.89119,6048.9037,5922.0826,6018.8332,386.8824,1.6966378
412000.0,2643.0948,5978.8941,3956.0227,250.45549,106.89119,106.89119,106.89119,5980.4989,5943.4602,6012.7232,359.06326,1.6966378
413000.0,2643.6154,5989.7083,3962.166,250.84442,106.89119,106.89119,106.89119,5997.752,5992.1606,5979.2125,393.5614,1.6966378
414000.0,2676.6621,6015.6622,3929.0318,248.7467,106.89119,106.89119,106.89119,6034.3741,6004.7384,6007.8741,398.04747,1.6966378
415000.0,2614.3104,6025.7555,3961.3493,250.79272,106.89119,106.89119,106.89119,6034.6086,5981.9851,6060.6727,388.77657,1.6966378
416000.0,2680.2624,6023.2336,3954.2346,250.34229,106.89119,106.89119,106.89119,6011.0937,5989.0508,6069.5562,372.06721,1.6966378
417000.0,2637.7667,6023.8246,3919.1507,248.12113,106.89119,106.89119,106.89119,6080.6261,5985.3458,6005.5018,339.8631,1.6966378
418000.0,2695.2758,6008.723,3933.8506,249.05177,106.89119,106.89119,106.89119,6056.0712,5985.3857,5984.7121,333.32415,1.6966378
419000.0,2642.2047,6008.4155,3927.427,248.64509,106.89119,106.89119,106.89119,6017.8094,6011.7805,5995.6564,322.2121,1.6966378
420000.0,2704.9895,6052.5078,4019.3726,254.46617,106.89119,106.89119,106.89119,6051.6921,6005.1927,6100.6385,363.0205,1.6966378
421000.0,2640.4734,6018.4632,3942.3064,249.58711,106.89119,106.89119,106.89119,5976.6389,6040.7286,6038.0221,391.73262,1.6966378
422000.0,2667.4817,6015.5157,3914.1713,247.80588,106.89119,106.89119,106.89119,5991.5096,5960.446,6094.5915,379.53313,1.6966378
423000.0,2656.4002,5981.187,3930.6779,248.85091,106.89119,106.89119,106.89119,5946.3071,5967.6798,6029.574,374.25628,1.6966378
424000.0,2684.5852,6030.6428,3968.7634,251.2621,106.89119,106.89119,106.89119,5992.8766,6030.9802,6068.0716,371.37243,1.6966378
425000.0,2719.7403,6052.5545,3934.4423,249.08923,106.89119,106.89119,106.89119,6096.3285,6040.6666,6020.6685,355.42148,1.6966378
426000.0,2656.5663,6016.6085,3931.1997,248.88395,106.89119,106.89119,106.89119,6025.3814,6004.2417,6020.2025,372.95951,1.6966378
427000.0,2745.9823,6049.0056,3937.1752,249.26226,106.89119,106.89119,106.89119,6079.1072,6023.1196,6044.7901,327.17367,1.6966378
428000.0,2722.5884,6031.5306,3973.9365,251.58961,106.89119,106.89119,106.89119,6065.6155,5998.2599,6030.7164,374.63776,1.6966378
429000.0,2638.2005,6025.3119,3913.6565,247.77329,106.89119,106.89119,106.89119,6052.0314,6007.4639,6016.4405,356.49368,1.6966378
430000.0,2671.4931,6028.5615,3923.4955,248.3962,106.89119,106.89119,106.89119,6016.4213,6041.8752,6027.388,371.46068,1.6966378
431000.0,2707.0583,6012.2111,4010.9892,253.93542,106.89119,106.89119,106.89119,6073.6885,5963.6841,5999.2608,372.45012,1.6966378
432000.0,2701.8797,6011.3242,3951.3637,250.16053,106.89119,106.89119,106.89119,6009.9473,6037.2037,5986.8216,389.16051,1.6966378
433000.0,2760.759,6044.4827,3941.2195,249.5183,106.89119,106.89119,106.89119,6067.6932,6034.7793,6030.9756,388.00156,1.6966378
434000.0,2728.4909,6035.5506,3940.8771,249.49662,106.89119,106.89119,106.89119,6074.1563,6020.4616,6012.0339,355.95832,1.6966378
435000.0,2667.9999,6032.8389,4015.0035,254.18956,106.89119,106.89119,106.89119,6054.6555,6014.8394,6029.0219,354.66659,1.6966378
436000.0,2636.5324,6040.9478,3943.9624,249.69195,106.89119,106.89119,106.89119,6046.5007,6013.302,6063.0407,328.23718,1.6966378
437000.0,2612.6408,5997.4338,3928.9047,248.73865,106.89119,106.89119,106.89119,6023.6895,5996.5072,5972.1048,336.02149,1.6966378
438000.0,2668.2474,6006.9528,3876.2346,245.40411,106.89119,106.89119,106.89119,6004.3393,6011.3558,6005.1634,326.67565,1.6966378
439000.0,2665.7971,6010.0883,3932.8833,248.99054,106.89119,106.89119,106.89119,6024.0401,6001.3658,6004.859,330.26936,1.6966378
440000.0,2674.5588,6016.1227,3911.3631,247.62809,106.89119,106.89119,106.89119,6005.8976,5999.1176,6043.353,377.02182,1.6966378
441000.0,2603.5468,5993.245,3933.0846,249.00328,106.89119,106.89119,106.89119,5988.5801,6007.1889,5983.9661,361.34417,1.6966378
442000.0,2707.2393,6032.9526,3904.6504,247.20311,106.89119,106.89119,106.89119,6048.1391,6046.2173,6004.5012,355.37926,1.6966378
443000.0,2664.1354,6010.5718,3912.3801,247.69248,106.89119,106.89119,106.89119,6038.6758,6016.7158,5976.3237,348.64807,1.6966378
444000.0,2626.6662,6004.1553,4039.1951,255.72112,106.89119,106.89119,106.89119,6015.1739,5969.8125,6027.4797,352.16789,1.6966378
445000.0,2712.8869,6024.1344,4006.1547,253.62934,106.89119,106.89119,106.89119,6061.0915,6003.5229,6007.7888,364.5926,1.6966378
446000.0,2694.5679,6028.6808,3886.858,246.07668,106.89119,106.89119,106.89119,5980.7271,6036.41,6068.9053,368.88539,1.6966378
447000.0,2612.4717,5990.6479,3969.2611,251.29361,106.89119,106.89119,106.89119,6061.412,5923.0469,5987.4849,364.84527,1.6966378
448000.0,2660.9466,6020.2506,3911.8447,247.65858,106.89119,106.89119,106.89119,6104.9118,5984.809,5971.031,375.46622,1.6966378
449000.0,2585.8013,5992.1684,3984.9186,252.28489,106.89119,106.89119,106.89119,6025.5666,5957.2928,5993.6459,355.73298,1.6966378
450000.0,2698.177,6040.2143,3942.2415,249.583,106.89119,106.89119,106.89119,6109.5765,5950.9909,6060.0755,370.03447,1.6966378
451000.0,2620.8428,6011.1752,3967.4359,251.17806,106.89119,106.89119,106.89119,6011.1268,5973.9257,6048.4729,369.31503,1.6966378
452000.0,2589.1955,5997.3593,3911.6576,247.64674,106.89119,106.89119,106.89119,6027.1346,5973.7002,5991.243,363.20067,1.6966378
453000.0,2633.2505,6004.6042,3847.525,243.58651,106.89119,106.89119,106.89119,6039.8002,5981.3842,5992.6283,350.78703,1.6966378
454000.0,2639.4127,6003.6741,3906.9927,247.3514,106.89119,106.89119,106.89119,6066.1562,5942.9976,6001.8687,343.22077,1.6966378
455000.0,2732.4381,6048.1021,3961.9223,250.82899,106.89119,106.89119,106.89119,6054.7046,6028.3517,6061.2499,344.49955,1.6966378
456000.0,2646.0284,6021.3487,3928.4756,248.71149,106.89119,106.89119,106.89119,6040.0014,5980.6855,6043.3592,341.66045,1.6966378
457000.0,2646.976,6027.6885,3953.1397,250.27297,106.89119,106.89119,106.89119,5983.7683,6052.9214,6046.3759,346.61077,1.6966378
458000.0,2673.6125,6027.821,3963.6574,250.93884,106.89119,106.89119,106.89119,6059.8917,5995.6162,6027.955,341.32265,1.6966378
459000.0,2620.5199,6008.0056,3960.5044,250.73922,106.89119,106.89119,106.89119,6035.7295,6044.8206,5943.4668,328.31083,1.6966378
460000.0,2683.8918,5993.7952,3974.3751,251.61738,106.89119,106.89119,106.89119,5953.3718,6003.6192,6024.3946,357.26436,1.6966378
461000.0,2701.0816,5993.6373,3954.0488,250.33052,106.89119,106.89119,106.89119,6050.5671,5944.6443,5985.7005,369.30321,1.6966378
462000.0,2608.5904,6016.3524,3945.8295,249.81016,106.89119,106.89119,106.89119,6020.5135,5993.9431,6034.6006,358.6169,1.6966378
463000.0,2630.5189,6010.6903,3889.29,246.23065,106.89119,106.89119,106.89119,6003.2956,6035.1406,5993.6349,385.30698,1.6966378
464000.0,2658.8951,6030.5141,3984.4888,252.25768,106.89119,106.89119,106.89119,6042.0915,6024.1531,6025.2978,357.5793,1.6966378
465000.0,2580.0042,5993.1213,3936.8008,249.23855,106.89119,106.89119,106.89119,5987.9045,5967.8768,6023.5828,358.20569,1.6966378
466000.0,2594.5966,6013.0722,3967.179,251.1618,106.89119,106.89119,106.89119,6015.21,5952.0866,6071.9199,365.47362,1.6966378
467000.0,2647.9318,6031.572,3932.7837,248.98423,106.89119,106.89119,106.89119,6050.9606,5972.1136,6071.6417,361.64898,1.6966378
468000.0,2529.415,5975.9628,3951.4793,250.16784,106.89119,106.89119,106.89119,5975.9396,5990.1457,5961.8031,372.11006,1.6966378
469000.0,2582.4107,5982.5736,3994.9275,252.91855,106.89119,106.89119,106.89119,6013.2084,5995.3802,5939.1321,356.83923,1.6966378
470000.0,2666.5685,6029.302,4019.6856,254.48598,106.89119,106.89119,106.89119,6047.5831,6009.1557,6031.1672,346.91523,1.6966378
471000.0,2630.5284,6010.2862,3911.416,247.63144,106.89119,106.89119,106.89119,5959.3333,6058.9504,6012.5748,346.8505,1.6966378
472000.0,2604.6062,6018.1539,4036.7691,255.56754,106.89119,106.89119,106.89119,6030.2859,5995.7135,6028.4622,337.79914,1.6966378
473000.0,2605.3259,6014.5696,3978.8645,251.9016,106.89119,106.89119,106.89119,6029.722,6020.0265,5993.9604,343.06498,1.6966378
474000.0,2645.8735,6029.7707,3976.8714,251.77542,106.89119,106.89119,106.89119,6017.877,6042.7637,6028.6716,362.14145,1.6966378
475000.0,2658.3719,6002.1132,3917.7246,248.03084,106.89119,106.89119,106.89119,6033.6369,5981.2845,5991.4181,362.60202,1.6966378
476000.0,2608.5443,6040.3697,3944.3297,249.71521,106.89119,106.89119,106.89119,6109.4807,5965.6345,6045.9939,360.60317,1.6966378
477000.0,2563.8333,6000.2504,3976.9167,251.77829,106.89119,106.89119,106.89119,6002.4961,5972.8243,6025.4307,383.92116,1.6966378
478000.0,2547.9243,5986.6205,3997.0383,253.05218,106.89119,106.89119,106.89119,5978.9285,6010.3559,5970.5772,364.37901,1.6966378
479000.0,2725.9376,6049.0944,4005.049,253.55934,106.89119,106.89119,106.89119,6068.1106,6058.4514,6020.7213,390.40986,1.6966378
480000.0,2661.0604,6002.4079,3921.9759,248.29999,106.89119,106.89119,106.89119,6006.187,5962.9221,6038.1147,368.48141,1.6966378
481000.0,2685.0993,6023.4439,3907.6797,247.3949,106.89119,106.89119,106.89119,6017.3993,6030.5783,6022.3542,379.97566,1.6966378
482000.0,2580.4802,5983.0428,3863.8071,244.61733,106.89119,106.89119,106.89119,5959.5898,6018.2355,5971.3032,363.5811,1.6966378
483000.0,2537.5171,5953.2575,3959.1056,250.65066,106.89119,106.89119,106.89119,5970.1433,5918.3953,5971.2339,372.69851,1.6966378
484000.0,2602.4224,5999.6339,3891.509,246.37113,106.89119,106.89119,106.89119,5975.5773,5976.9956,6046.3287,373.29448,1.6966378
485000.0,2588.9778,6023.1897,3970.2862,251.35851,106.89119,106.89119,106.89119,6065.3539,6040.2661,5963.9492,358.70039,1.6966378
486000.0,2591.2253,6013.2553,3997.0588,253.05348,106.89119,106.89119,106.89119,6055.8333,5992.7975,5991.1351,345.81168,1.6966378
487000.0,2565.8598,5993.1509,3917.9232,248.04341,106.89119,106.89119,106.89119,5970.5006,6011.2983,5997.6539,369.46645,1.6966378
488000.0,2681.6134,6040.4406,3947.2003,249.89694,106.89119,106.89119,106.89119,6041.1849,6010.7211,6069.4157,348.56367,1.6966378
489000.0,2699.0262,6046.3591,3942.4173,249.59413,106.89119,106.89119,106.89119,6057.2801,5996.9603,6084.837,362.24846,1.6966378
490000.0,2671.4987,6014.8482,3944.6688,249.73667,106.89119,106.89119,106.89119,6019.7469,5993.5652,6031.2326,368.96156,1.6966378
491000.0,2648.2259,6023.0512,3976.3688,251.7436,106.89119,106.89119,106.89119,6013.4069,6030.5107,6025.2359,353.21494,1.6966378
492000.0,2549.3276,5992.91,3984.1742,252.23776,106.89119,106.89119,106.89119,6049.6914,5985.7536,5943.285,354.31534,1.6966378
493000.0,2674.1159,6025.9482,3976.5766,251.75676,106.89119,106.89119,106.89119,6043.1546,5979.1131,6055.5767,357.14623,1.6966378
494000.0,2626.3937,6030.791,3898.4755,246.81218,106.89119,106.89119,106.89119,6070.7911,5960.9233,6060.6584,378.90659,1.6966378
495000.0,2624.4854,5983.0006,3906.1531,247.29825,106.89119,106.89119,106.89119,6038.273,5927.3996,5983.3293,381.33344,1.6966378
496000.0,2644.4274,6029.9416,3953.7321,250.31047,106.89119,106.89119,106.89119,6060.6139,6004.2241,6024.9869,383.5038,1.6966378
497000.0,2640.4632,6029.921,3931.6381,248.9117,106.89119,106.89119,106.89119,6085.1045,5998.1055,6006.553,373.54365,1.6966378
498000.0,2627.6089,6003.7348,3936.7972,249.23832,106.89119,106.89119,106.89119,6020.1727,6011.8008,5979.2309,355.20003,1.6966378
499000.0,2596.9541,6017.348,3988.0505,252.48317,106.89119,106.89119,106.89119,6023.1477,5975.9348,6052.9617,343.74603,1.6966378
500000.0,2661.2822,6013.9585,3909.2779,247.49608,106.89119,106.89119,106.89119,6052.6469,6012.6218,5976.6069,359.1579,1.6966378
501000.0,2669.1213,6013.9871,3972.7864,251.5168,106.89119,106.89119,106.89119,6068.6249,5972.7256,6000.6108,333.98963,1.6966378
502000.0,2673.2822,6008.7174,3972.1792,251.47836,106.89119,106.89119,106.89119,6033.249,5977.3722,6015.5311,352.28249,1.6966378
502971.0,2593.6077,6017.492,3927.3366,248.63937,106.89119,106.89119,106.89119,6049.0625,6025.2196,5978.1939,351.7515,1.6966378
